number,family,P_rot_h,shape,quality_U,status,n_sectors,n_cycles_best,peak_width_frac,P_sigma_h,doubling,decomb,chunked,quarantine
24687,Hungaria,4.0981,Dd,2,CONFIRMED,3,132.01,0.0068,0.01,NONE(1P),NOT-RUN,False,False
76865,Hungaria,2.2942,S,2,CONFIRMED,2,212.06,0.0042,0.0,NONE(1P),NOT-RUN,False,False
200474,Hungaria,7.1426,Dd,2,CONFIRMED,2,90.16,0.0105,0.03,NONE(1P),NOT-RUN,False,False
86420,Hungaria,8.211,Sq,2,CONFIRMED,3,55.25,0.0168,0.06,NONE(1P),NOT-RUN,False,False
74511,Hungaria,16.8991,Sq,2,CONFIRMED,2,29.87,0.0326,0.23,NONE(1P),NOT-RUN,False,False
10667,Hungaria,20.2932,Sq,2,CONFIRMED,3,29.97,0.0289,0.25,NONE(1P),NOT-RUN,False,False
147449,Hungaria,33.555,D,2,CONFIRMED,2,19.25,0.0793,1.13,NONE(1P),NOT-RUN,False,False
39866,Hungaria,44.7738,D,2,CONFIRMED,4,13.78,0.0646,1.23,NONE(1P),NOT-RUN,False,False
92227,Hungaria,93.12,2P,2,CONFIRMED,2,6.99,0.0578,1.14,CONVENTION,NOT-RUN,False,False
58098,Hungaria,56.5441,D,2,CONFIRMED,2,6.82,0.126,3.03,NONE(1P),NOT-RUN,False,False
23452,Hungaria,3.772,Dd,2,CONFIRMED,1,63.14,0.0362,0.06,NONE(1P),NOT-RUN,False,False
71737,Hungaria,4.2921,Dd,1,CANDIDATE,0,,,,NONE(1P),NOT-RUN,False,False
97779,Hungaria,7.0108,Dd,1,CANDIDATE,2,84.66,0.0168,0.05,NONE(1P),NOT-RUN,False,False
55720,Hungaria,10.4668,Dd,1,CANDIDATE,1,42.56,0.0205,0.09,NONE(1P),NOT-RUN,False,False
53422,Hungaria,26.6024,Dd,2,CONFIRMED,1,12.84,0.053,0.6,NONE(1P),NOT-RUN,False,False
45825,Hungaria,33.7133,Dd,1,CANDIDATE,1,7.37,0.4632,6.63,NONE(1P),NOT-RUN,False,False
56351,Hungaria,33.8883,Dd,1,CANDIDATE,1,17.43,0.0404,0.58,NONE(1P),NOT-RUN,False,False
43357,Hungaria,34.0497,Dd,2,CONFIRMED,1,12.01,0.0609,0.88,NONE(1P),NOT-RUN,False,False
66195,Hungaria,52.4002,2P,2,CONFIRMED,1,10.9,0.0389,0.43,UNSTATED,NOT-RUN,False,False
3852,Themis,5.798,2P,2,CONFIRMED,2,102.31,0.0047,0.01,CONVENTION,survived,False,False
3071,Themis,10.28,2P,2,CONFIRMED,2,42.88,0.0089,0.02,CONVENTION,survived,False,False
3208,Themis,7.472,1P,2,CONFIRMED,3,76.95,0.0095,0.03,NONE(1P),survived,False,False
2863,Themis,10.502,2P,2,CONFIRMED,4,57.24,0.0068,0.02,CONVENTION,survived,False,False
5225,Themis,71.266,2P,2,CONFIRMED,3,7.41,0.0546,0.83,UNSTATED,survived,False,False
30968,Phocaea,8.302,2P,2,CONFIRMED,1,58.06,0.0079,0.01,MEASURED,,False,False
15315,Phocaea,12.942,2P,2,CONFIRMED,1,33.69,0.0131,0.04,CONVENTION,survived,False,False
29909,Phocaea,14.38,2P,2,CONFIRMED,3,42.3,0.0105,0.03,CONVENTION,survived,False,False
19290,Phocaea,65.015,2P,2,CONFIRMED,2,8.93,0.0494,0.68,UNSTATED,survived,False,False
19169,Phocaea,87.546,2P,2,CONFIRMED,4,7.09,0.0599,1.11,EXTERNAL,survived,False,False
18070,Phocaea,222.5,2P,2,CONFIRMED,2,2.92,0.1764,8.34,CONVENTION,survived,False,False
4482,Phocaea,53.1,1P,1-,MARGINAL,5,12.09,0.0656,1.48,NONE(1P),survived,False,False
5465,Koronis,3.218,2P,2,CONFIRMED,2,182.41,0.0032,0.0,UNSTATED,survived,False,False
2300,Koronis,4.286,2P,2,CONFIRMED,3,133.9,0.0037,0.0,CONVENTION,survived,False,False
3545,Koronis,4.832,2P,2,CONFIRMED,1,114.49,0.0042,0.0,CONVENTION,inconclusive,False,False
4260,Koronis,29.24,1P,2,CONFIRMED,2,19.49,0.0378,0.47,NONE(1P),inconclusive,False,False
2092,Koronis,30.49,2P,2,CONFIRMED,2,19.85,0.0205,0.13,UNSTATED,survived,False,False
10708,Koronis,3.098,2P,1,CANDIDATE,1,180.56,0.0032,0.0,UNSTATED,inconclusive,False,False
8049,Koronis,3.214,2P,2,CONFIRMED,1,186.5,0.0032,0.0,UNSTATED,survived,False,False
13382,Koronis,3.736,2P,2,CONFIRMED,1,95.02,0.0047,0.0,UNSTATED,survived,False,False
5809,Koronis,4.182,2P,2,CONFIRMED,1,39.14,0.0126,0.01,UNSTATED,survived,False,False
7056,Agnia,61.906,2P,2,CONFIRMED,2,9.62,0.0457,0.6,UNSTATED,survived,False,False
2967,Ursula,8.374,2P,2,CONFIRMED,4,75.87,0.0058,0.01,CONVENTION,survived,False,False
30482,Ursula,8.67,2P,2,CONFIRMED,2,73.0,0.0068,0.01,MEASURED,survived,False,False
6079,Ursula,31.392,2P,2,CONFIRMED,3,19.01,0.0231,0.15,CONVENTION,inconclusive,False,False
14039,Ursula,5.282,2P,2,CONFIRMED,1,115.88,0.0047,0.01,CONVENTION,survived,False,False
29931,Ursula,4.5834,2P,2,CONFIRMED,1,91.56,0.0053,0.01,CONVENTION,survived,False,False
3630,Dora,9.33,2P,2,CONFIRMED,2,63.17,0.0063,0.01,UNSTATED,survived,False,False
16549,Dora,10.217,2P,1,CANDIDATE,1,48.92,0.0089,0.02,UNSTATED,survived,False,False
10292,Baptistina,2.419,1P,2,CONFIRMED,2,173.84,0.0058,0.01,NONE(1P),survived,False,False
12537,Baptistina,11.0125,1P,1,CANDIDATE,2,58.94,0.0152,0.07,NONE(1P),survived,False,False
7031,Baptistina,2.948,1P,1,CANDIDATE,1,207.51,0.0042,0.01,NONE(1P),survived,False,False
6782,Hoffmeister,3.927,1P,2,CONFIRMED,2,148.11,0.0063,0.01,NONE(1P),survived,False,False
4516,Hoffmeister,3.261,1P,1,CANDIDATE,1,151.28,0.0063,0.01,NONE(1P),survived,False,False
5091,Hoffmeister,13.914,2P,2,CONFIRMED,1,35.5,0.0126,0.04,UNSTATED,survived,False,False
7607,Hoffmeister,38.774,2P,2,CONFIRMED,1,15.5,0.0273,0.22,UNSTATED,survived,False,False
6343,Veritas,14.117,1P,2,CONFIRMED,3,41.83,0.0152,0.09,NONE(1P),inconclusive,False,False
7612,Veritas,26.0486,2P,2,CONFIRMED,1,24.38,0.02,0.11,CONVENTION,survived,False,False
7231,Veritas,16.996,ambiguous,1,CANDIDATE,2,26.48,0.0389,0.28,NONE(1P),survived,False,False
6978,Cameron,4.634,2P,2,CONFIRMED,2,119.73,0.0042,0.0,UNSTATED,survived,False,False
19013,Cameron,4.437,1P,2,CONFIRMED,1,40.64,0.0215,0.04,NONE(1P),,False,False
12315,Padua,5.562,2P,2,CONFIRMED,2,107.66,0.0037,0.0,CONVENTION,survived,False,False
8450,Padua,5.306,2P,2,CONFIRMED,3,114.2,0.0037,0.0,UNSTATED,survived,False,False
22719,Padua,4.777,2P,2,CONFIRMED,1,111.65,0.0042,0.0,UNSTATED,,False,False
1285,main belt (survey),15.24,1P,2,CONFIRMED,2,36.67,0.0221,0.14,NONE(1P),survived,False,False
1887,main belt (survey),70.18,2P,2,CONFIRMED,3,8.94,0.0467,0.7,UNSTATED,survived,False,False
2122,main belt (survey),8.9016,2P,2,CONFIRMED,2,65.78,0.0074,0.01,EXTERNAL,survived,False,False
2451,main belt (survey),138.364,2P,2,CONFIRMED,3,4.38,0.0903,2.65,EXTERNAL,survived,False,False
2869,main belt (survey),310.468,2P,2,CONFIRMED,2,1.94,0.2216,14.61,EXTERNAL,inconclusive,False,False
2909,main belt (survey),312.07,2P,2,CONFIRMED,2,2.06,0.2143,14.2,EXTERNAL,inconclusive,False,False
3469,main belt (survey),180.875,2P,2,CONFIRMED,1,3.24,0.1203,4.62,EXTERNAL,survived,False,False
3774,main belt (survey),3.5724,2P,2,CONFIRMED,2,189.8,0.0026,0.0,UNSTATED,survived,False,False
5975,main belt (survey),12.262,2P,2,CONFIRMED,2,51.26,0.0095,0.02,EXTERNAL,survived,False,False
5977,main belt (survey),42.44,2P,2,CONFIRMED,1,14.59,0.0299,0.27,UNSTATED,survived,False,False
14720,main belt (survey),108.08,2P,2,CONFIRMED,1,5.26,0.0772,1.77,EXTERNAL,survived,False,False
2828,main belt (survey),3.803,2P,2,CONFIRMED,3,153.23,0.0032,0.0,UNSTATED,,False,False
22790,main belt (survey),19.262,2P,2,CONFIRMED,2,26.41,0.0158,0.06,UNSTATED,survived,False,False
2350,main belt (survey),6.032,2P,2,CONFIRMED,2,101.88,0.0047,0.01,MEASURED,survived,False,False
7887,main belt (survey),111.712,2P,2,CONFIRMED,2,6.02,0.0698,1.66,CONVENTION,survived,False,False
5167,main belt (survey),2.6597,1P,2,CONFIRMED,4,230.15,0.0037,0.0,NONE(1P),inconclusive,False,False
3477,main belt (survey),8.4,2P,2,CONFIRMED,2,66.63,0.0068,0.01,MEASURED,inconclusive,False,False
2724,main belt (survey),6.898,1P,2,CONFIRMED,1,87.11,0.01,0.03,NONE(1P),survived,False,False
5824,main belt (survey),24.1,ambiguous,1,CANDIDATE,2,24.15,0.0352,0.36,NONE(1P),survived,False,False
2024,main belt (survey),167.52,2P,2,CONFIRMED,2,3.63,0.125,4.45,CONVENTION,survived,False,False
6808,main belt (survey),7.996,2P,2,CONFIRMED,1,74.63,0.0058,0.01,UNSTATED,survived,False,False
2866,main belt (survey),130.77,2P,2,CONFIRMED,2,4.54,0.0893,2.48,CONVENTION,survived,False,False
5463,main belt (survey),60.07,2P,2,CONFIRMED,2,10.55,0.0457,0.58,CONVENTION,survived,False,False
2711,main belt (survey),32.44,1P,2,CONFIRMED,3,19.67,0.0457,0.63,NONE(1P),survived,False,False
2810,main belt (survey),3.05,2P,2,CONFIRMED,2,98.58,0.0053,0.0,MEASURED,,False,False
3949,main belt (survey),3.622,2P,2,CONFIRMED,2,139.16,0.0037,0.0,UNSTATED,survived,False,False
2736,main belt (survey),9.38,1P,2,CONFIRMED,4,65.67,0.0126,0.05,NONE(1P),survived,False,False
3371,main belt (survey),64.848,1P,1,CANDIDATE,1,9.08,0.0903,2.49,NONE(1P),survived,False,False
5777,main belt (survey),5.112,2P,1,CANDIDATE,1,116.1,0.0037,0.0,MEASURED,,False,False
3520,main belt (survey),5.7934,2P,1,CANDIDATE,1,105.32,0.0042,0.01,MEASURED,,False,False
7605,main belt (survey),11.9368,2P,2,CONFIRMED,2,52.82,0.0079,0.02,UNSTATED,,False,False
2352,main belt (survey),41.181,2P,1,CANDIDATE,2,14.42,0.0294,0.26,UNSTATED,survived,False,False
15427,main belt (survey),39.45,1P,2,CONFIRMED,4,14.17,0.0704,1.18,NONE(1P),survived,False,False
2601,main belt (survey),191.52,ambiguous,1,CANDIDATE,2,3.11,0.2946,23.96,NONE(1P),survived,False,False
4763,main belt (survey),91.4,2P,2,CONFIRMED,2,6.73,0.0599,1.16,CONVENTION,inconclusive,False,False
1588,main belt (survey),4.606,2P,2,CONFIRMED,1,42.66,0.0105,0.01,UNSTATED,,False,False
11861,main belt (survey),4.897,2P,1,CANDIDATE,1,65.94,0.0137,0.01,UNSTATED,survived,False,False
1053,main belt (survey),3.664,2P,2,CONFIRMED,3,160.08,0.0032,0.0,CONVENTION,survived,False,False
3810,main belt (survey),3.857,1P,2,CONFIRMED,3,161.54,0.0058,0.01,NONE(1P),inconclusive,False,False
2521,main belt (survey),41.58,2P,1,CANDIDATE,1,13.68,0.031,0.27,CONVENTION,survived,False,False
3707,main belt (survey),30.59,2P,2,CONFIRMED,2,15.88,0.0278,0.18,CONVENTION,survived,False,False
2168,main belt (survey),7.353,2P,1,CANDIDATE,1,79.77,0.0058,0.01,UNSTATED,survived,False,False
3158,main belt (survey),10.328,2P,2,CONFIRMED,2,59.1,0.0074,0.02,CONVENTION,survived,False,False
2116,main belt (survey),3.5381,2P,2,CONFIRMED,1,172.71,0.0032,0.0,UNSTATED,survived,False,False
3405,main belt (survey),13.997,2P,2,CONFIRMED,3,43.15,0.011,0.03,UNSTATED,survived,False,False
2553,main belt (survey),5.374,1P,2,CONFIRMED,1,83.09,0.0095,0.02,NONE(1P),survived,False,False
3840,main belt (survey),45.098,2P,2,CONFIRMED,1,5.97,0.0788,0.75,CONVENTION,survived,False,False
7068,main belt (survey),144.992,2P,2,CONFIRMED,2,3.59,0.1113,3.43,CONVENTION,survived,False,False
33717,main belt (survey),50.31,2P,2,CONFIRMED,4,11.54,0.0352,0.38,UNSTATED,survived,False,False
13388,main belt (survey),305.594,2P,2,CONFIRMED,3,2.2,0.2027,13.15,CONVENTION,survived,False,False
2826,main belt (survey),7.181,1P,1,CANDIDATE,2,51.02,0.0231,0.07,NONE(1P),,False,False
4331,main belt (survey),73.68,1P,1,CANDIDATE,1,8.2,0.1113,3.48,NONE(1P),survived,False,False
3184,main belt (survey),33.46,1P,2,CONFIRMED,2,18.73,0.0488,0.69,NONE(1P),survived,False,False
4088,main belt (survey),6.454,2P,2,CONFIRMED,2,98.04,0.0047,0.01,UNSTATED,survived,False,False
5805,main belt (survey),5.185,2P,2,CONFIRMED,2,129.77,0.0037,0.0,UNSTATED,survived,False,False
1381,main belt (survey),5.258,2P,2,CONFIRMED,5,119.89,0.0037,0.0,UNSTATED,survived,False,False
2690,main belt (survey),2.66,1P,2,CONFIRMED,6,238.22,0.0037,0.0,NONE(1P),survived,False,False
4164,main belt (survey),109.468,2P,1,CANDIDATE,1,5.19,0.083,1.93,UNCONFIRMED,survived,False,False
7588,main belt (survey),17.7,1P,1,CANDIDATE,2,16.86,0.0551,0.41,NONE(1P),,False,False
5818,main belt (survey),10.23,2P,1,CANDIDATE,1,45.65,0.0095,0.02,CONVENTION,,False,False
3768,main belt (survey),28.1551,1P,1,CANDIDATE,1,21.95,0.0362,0.43,NONE(1P),survived,False,False
6286,main belt (survey),13.2124,1P,1,CANDIDATE,1,42.89,0.0179,0.1,NONE(1P),survived,False,False
4617,main belt (survey),14.9178,2P,1,CANDIDATE,1,25.79,0.0179,0.06,UNSTATED,survived,False,False
10164,main belt (survey),3.3126,2P,1,CANDIDATE,1,76.93,0.0063,0.0,UNSTATED,survived,False,False
4203,main belt (survey),6.7662,2P,1,CANDIDATE,1,89.38,0.0058,0.01,MEASURED,survived,False,False
16785,main belt (survey),139.885,1P,1,CANDIDATE,2,4.53,0.1922,11.42,NONE(1P),survived,False,False
5113,main belt (survey),4.7572,2P,1,CANDIDATE,1,129.86,0.0042,0.0,MEASURED,,False,False
5600,main belt (survey),3.5056,1P,1,CANDIDATE,2,184.42,0.0047,0.01,NONE(1P),,False,False
5480,main belt (survey),23.11,2P,2,CONFIRMED,3,24.91,0.0152,0.07,UNSTATED,survived,False,False
46992,main belt (survey),53.8038,2P,1,CANDIDATE,2,10.87,0.0378,0.43,UNSTATED,survived,False,False
2538,main belt (survey),53.422,2P,2,CONFIRMED,2,11.41,0.0347,0.39,UNSTATED,inconclusive,False,False
5768,main belt (survey),8.14,2P,2,CONFIRMED,2,74.02,0.0063,0.01,UNSTATED,survived,False,False
13081,main belt (survey),2.719,1P,1,CANDIDATE,4,214.11,0.0058,0.01,NONE(1P),survived,False,False
5162,main belt (survey),12.756,2P,2,CONFIRMED,3,49.68,0.0089,0.02,UNSTATED,survived,False,False
5504,main belt (survey),13.952,1P,2,CONFIRMED,2,43.41,0.0189,0.11,NONE(1P),survived,False,False
10017,main belt (survey),12.05,1P,2,CONFIRMED,2,43.45,0.02,0.1,NONE(1P),survived,False,False
1948,main belt (survey),10.7722,2P,1,CANDIDATE,1,54.49,0.0074,0.02,UNSTATED,survived,False,False
3650,main belt (survey),12.3672,2P,1,CANDIDATE,1,42.81,0.0095,0.02,UNSTATED,,False,False
58143,main belt (survey),39.16,1P,1,CANDIDATE,1,13.63,0.0672,1.12,NONE(1P),survived,False,False
10226,main belt (survey),10.12,2P,2,CONFIRMED,3,56.77,0.0079,0.02,CONVENTION,,False,False
5914,main belt (survey),99.0,1P,1,CANDIDATE,1,6.47,0.125,5.25,NONE(1P),survived,False,False
5278,main belt (survey),4.996,2P,2,CONFIRMED,4,126.6,0.0037,0.0,UNSTATED,survived,False,False
3993,main belt (survey),34.468,2P,2,CONFIRMED,2,17.19,0.0231,0.17,UNSTATED,survived,False,False
1519,main belt (survey),27.35,1P,2,CONFIRMED,3,17.66,0.0431,0.5,NONE(1P),survived,False,False
1485,main belt (survey),17.8756,1P,1,CANDIDATE,2,27.24,0.0326,0.25,NONE(1P),survived,False,False
2124,main belt (survey),3.1227,2P,1,CANDIDATE,1,199.83,0.0021,0.0,CONVENTION,survived,False,False
2465,main belt (survey),16.4918,1P,1,CANDIDATE,1,17.95,0.0483,0.34,NONE(1P),,False,False
2805,main belt (survey),4.3677,1P,1,CANDIDATE,1,106.16,0.0079,0.01,NONE(1P),survived,False,False
2878,main belt (survey),20.4854,2P,1,CANDIDATE,1,29.41,0.0152,0.07,MEASURED,,False,False
3246,main belt (survey),7.184,2P,2,CONFIRMED,2,82.06,0.0053,0.01,CONVENTION,survived,False,False
3594,main belt (survey),4.608,2P,2,CONFIRMED,2,132.71,0.0037,0.0,CONVENTION,survived,False,False
4001,main belt (survey),5.009,2P,1,CANDIDATE,1,5.53,0.0788,0.08,CONVENTION,survived,False,False
5051,main belt (survey),7.2598,1P,2,CONFIRMED,3,88.66,0.0089,0.03,NONE(1P),,False,False
5074,main belt (survey),12.662,2P,2,CONFIRMED,2,45.54,0.01,0.03,CONVENTION,survived,False,False
12209,main belt (survey),18.2064,2P,1,CANDIDATE,1,33.0,0.0131,0.05,CONVENTION,survived,False,False
15991,main belt (survey),61.02,2P,2,CONFIRMED,3,6.63,0.0541,0.7,CONVENTION,survived,False,False
19144,main belt (survey),5.2896,1P,2,CONFIRMED,2,112.15,0.0089,0.02,NONE(1P),inconclusive,False,False
24417,main belt (survey),3.783,1P,2,CONFIRMED,3,154.08,0.0063,0.01,NONE(1P),survived,False,False
38042,main belt (survey),95.4625,1P,1,CANDIDATE,1,6.3,0.1292,5.24,NONE(1P),survived,False,False
50545,main belt (survey),3.182,2P,2,CONFIRMED,2,140.64,0.0032,0.0,CONVENTION,survived,False,False
4597,main belt (survey),4.44,1P,2,CONFIRMED,2,130.75,0.0089,0.02,NONE(1P),survived,False,False
4671,main belt (survey),3.833,2P,1,CANDIDATE,1,156.77,0.0032,0.0,UNSTATED,survived,False,False
5814,main belt (survey),9.4098,2P,1,CANDIDATE,1,66.61,0.0074,0.01,UNSTATED,survived,False,False
5185,main belt (survey),204.6,2P,2,CONFIRMED,3,2.96,0.1386,6.02,CONVENTION,survived,False,False
2886,main belt (survey),107.228,2P,1,CANDIDATE,3,4.9,0.0866,1.97,CONVENTION,survived,False,False
3168,main belt (survey),3.237,1P,2,CONFIRMED,3,185.32,0.0047,0.01,NONE(1P),survived,False,False
3278,main belt (survey),5.621,1P,2,CONFIRMED,2,103.88,0.0084,0.02,NONE(1P),survived,False,False
3396,main belt (survey),61.963,1P,2,CONFIRMED,4,9.82,0.0919,2.42,NONE(1P),inconclusive,False,False
3532,main belt (survey),12.316,1P,2,CONFIRMED,4,51.24,0.0147,0.08,NONE(1P),survived,False,False
3858,main belt (survey),7.088,2P,2,CONFIRMED,2,85.0,0.0058,0.01,CONVENTION,,False,False
4062,main belt (survey),68.442,2P,2,CONFIRMED,2,8.52,0.0425,0.62,CONVENTION,survived,False,False
4208,main belt (survey),14.2839,1P,1,CANDIDATE,1,35.2,0.0252,0.15,NONE(1P),survived,False,False
4698,main belt (survey),158.302,2P,2,CONFIRMED,3,3.51,0.1339,4.5,CONVENTION,survived,False,False
4725,main belt (survey),137.363,2P,1,CANDIDATE,1,4.37,0.0919,2.68,UNCONFIRMED,survived,False,False
5203,main belt (survey),6.934,2P,2,CONFIRMED,2,76.41,0.0053,0.01,CONVENTION,survived,False,False
5297,main belt (survey),106.92,2P,2,CONFIRMED,2,5.3,0.0793,1.8,CONVENTION,inconclusive,False,False
5793,main belt (survey),3.0396,2P,2,CONFIRMED,2,196.42,0.0026,0.0,CONVENTION,survived,False,False
5990,main belt (survey),8.298,1P,1,CANDIDATE,2,56.58,0.0126,0.04,NONE(1P),,False,False
6137,main belt (survey),6.9303,2P,1,CANDIDATE,1,68.83,0.0068,0.01,CONVENTION,,False,False
6658,main belt (survey),5.33,2P,2,CONFIRMED,3,114.09,0.0042,0.0,CONVENTION,survived,False,False
7463,main belt (survey),12.6112,1P,1,CANDIDATE,1,17.86,0.042,0.22,NONE(1P),,False,False
8265,main belt (survey),89.552,2P,2,CONFIRMED,4,5.24,0.0814,1.55,CONVENTION,survived,False,False
9214,main belt (survey),4.782,2P,2,CONFIRMED,3,121.47,0.0037,0.0,MEASURED,survived,False,False
9594,main belt (survey),2.8866,1P,1,CANDIDATE,1,114.96,0.0084,0.01,NONE(1P),survived,False,False
18067,main belt (survey),4.773,1P,2,CONFIRMED,2,127.18,0.0068,0.01,NONE(1P),survived,False,False
22870,main belt (survey),4.7626,1P,1,CANDIDATE,2,68.05,0.0126,0.03,NONE(1P),survived,False,False
27708,main belt (survey),98.079,2P,1,CANDIDATE,1,3.45,0.1313,2.73,CONVENTION,survived,False,False
32253,main belt (survey),6.938,2P,2,CONFIRMED,2,80.57,0.0063,0.01,CONVENTION,survived,False,False
4253,main belt (survey),2.296,1P,2,CONFIRMED,1,76.46,0.0116,0.01,NONE(1P),,False,False
8602,main belt (survey),10.518,2P,2,CONFIRMED,2,58.4,0.0079,0.02,CONVENTION,survived,False,False
16513,main belt (survey),12.52,1P,2,CONFIRMED,3,46.49,0.0184,0.1,NONE(1P),survived,False,False
3828,main belt (survey),3.3204,2P,2,CONFIRMED,2,144.52,0.0037,0.0,CONVENTION,,False,False
13163,main belt (survey),7.2636,2P,1,CANDIDATE,1,71.13,0.0079,0.01,CONVENTION,survived,False,False
1395,main belt (survey),22.2611,1P,1,CANDIDATE,1,6.49,0.1449,1.37,NONE(1P),survived,False,False
6336,main belt (survey),2.5932,1P,1,CANDIDATE,1,231.1,0.0042,0.0,NONE(1P),,False,False
25316,main belt (survey),3.3269,2P,1,CANDIDATE,1,53.07,0.0089,0.01,CONVENTION,,False,False
3846,main belt (survey),5.1719,1P,1,CANDIDATE,1,120.49,0.0079,0.02,NONE(1P),survived,False,False
10451,main belt (survey),10.178,2P,2,CONFIRMED,2,58.56,0.0079,0.02,CONVENTION,survived,False,False
4118,main belt (survey),8.734,2P,2,CONFIRMED,2,65.15,0.0068,0.01,MEASURED,,False,False
5576,main belt (survey),12.094,1P,2,CONFIRMED,3,52.13,0.0158,0.08,NONE(1P),,False,False
9092,main belt (survey),14.452,2P,2,CONFIRMED,2,43.62,0.01,0.03,MEASURED,survived,False,False
9171,main belt (survey),14.026,2P,2,CONFIRMED,2,42.98,0.01,0.03,CONVENTION,survived,False,False
10031,main belt (survey),5.0034,2P,1,CANDIDATE,1,84.74,0.0053,0.01,MEASURED,,False,False
17569,main belt (survey),89.1748,2P,1,CANDIDATE,1,6.91,0.063,1.19,CONVENTION,survived,False,False
8294,main belt (survey),3.2408,2P,1,CANDIDATE,1,182.62,0.0026,0.0,CONVENTION,survived,False,False
5109,main belt (survey),45.3887,1P,1,CANDIDATE,1,10.87,0.0746,1.44,NONE(1P),survived,False,False
10594,main belt (survey),70.3216,2P,1,CANDIDATE,1,6.62,0.0677,1.01,CONVENTION,survived,False,False
10707,main belt (survey),94.2856,2P,1,CANDIDATE,2,6.16,0.0719,1.44,CONVENTION,survived,False,False
10885,main belt (survey),3.2006,2P,1,CANDIDATE,1,189.05,0.0026,0.0,MEASURED,survived,False,False
11022,main belt (survey),16.078,2P,2,CONFIRMED,2,37.52,0.011,0.04,CONVENTION,survived,False,False
11055,main belt (survey),46.418,2P,2,CONFIRMED,2,13.84,0.031,0.31,CONVENTION,survived,False,False
11576,main belt (survey),3.314,2P,2,CONFIRMED,3,181.66,0.0026,0.0,MEASURED,survived,False,False
11933,main belt (survey),14.1399,1P,1,CANDIDATE,1,26.12,0.0347,0.21,NONE(1P),,False,False
12064,main belt (survey),8.1155,1P,1,CANDIDATE,2,80.21,0.01,0.03,NONE(1P),survived,False,False
12975,main belt (survey),3.6668,2P,1,CANDIDATE,2,184.33,0.0032,0.0,MEASURED,,False,False
13073,main belt (survey),5.6828,2P,1,CANDIDATE,1,65.05,0.0074,0.01,MEASURED,,False,False
14927,main belt (survey),86.196,2P,2,CONFIRMED,3,6.88,0.0572,1.05,CONVENTION,survived,False,False
15070,main belt (survey),19.174,2P,2,CONFIRMED,2,30.74,0.0131,0.05,CONVENTION,survived,False,False
15286,main belt (survey),118.76,1P,2,CONFIRMED,2,5.46,0.1906,9.61,NONE(1P),inconclusive,False,False
15524,main belt (survey),10.8,1P,1,CANDIDATE,1,56.73,0.0163,0.07,NONE(1P),survived,False,False
16405,main belt (survey),100.2192,1P,1,CANDIDATE,1,5.51,0.1659,7.06,NONE(1P),survived,False,False
16555,main belt (survey),40.4204,2P,1,CANDIDATE,1,11.93,0.0341,0.29,MEASURED,,False,False
16650,main belt (survey),2.323,1P,2,CONFIRMED,2,114.37,0.0079,0.01,NONE(1P),survived,False,False
17019,main belt (survey),4.1396,2P,1,CANDIDATE,1,143.13,0.0037,0.0,MEASURED,survived,False,False
18069,main belt (survey),2.4993,1P,1,CANDIDATE,1,218.3,0.0042,0.0,NONE(1P),survived,False,False
18114,main belt (survey),12.2033,1P,1,CANDIDATE,1,30.27,0.0247,0.13,NONE(1P),survived,False,False
19150,main belt (survey),5.4752,2P,1,CANDIDATE,1,100.45,0.0053,0.01,MEASURED,,False,False
19364,main belt (survey),11.2488,2P,1,CANDIDATE,1,12.33,0.0352,0.08,CONVENTION,survived,False,False
19657,main belt (survey),4.35,2P,2,CONFIRMED,2,29.69,0.0147,0.01,MEASURED,,False,False
21977,main belt (survey),3.779,1P,2,CONFIRMED,2,93.84,0.0095,0.02,NONE(1P),survived,False,False
23052,main belt (survey),206.666,2P,2,CONFIRMED,2,2.95,0.1413,6.2,CONVENTION,survived,False,False
2366,main belt (survey),4.204,2P,1,CANDIDATE,1,136.56,0.0037,0.0,MEASURED,survived,False,False
2401,main belt (survey),153.6872,2P,1,CANDIDATE,1,3.84,0.1035,3.38,CONVENTION,survived,False,False
24809,main belt (survey),6.4374,2P,1,CANDIDATE,1,48.21,0.0105,0.01,CONVENTION,survived,False,False
2488,main belt (survey),44.2385,1P,1,CANDIDATE,1,13.21,0.0662,1.24,NONE(1P),survived,False,False
2514,main belt (survey),2.5337,1P,1,CANDIDATE,1,170.58,0.0063,0.01,NONE(1P),survived,False,False
2775,main belt (survey),8.33,2P,2,CONFIRMED,3,69.97,0.0058,0.01,MEASURED,survived,False,False
27791,main belt (survey),6.3926,2P,1,CANDIDATE,1,71.23,0.0063,0.01,CONVENTION,,False,False
28056,main belt (survey),6.157,1P,2,CONFIRMED,2,90.03,0.0105,0.03,NONE(1P),survived,False,False
29199,main belt (survey),15.38,2P,2,CONFIRMED,3,22.3,0.0173,0.06,CONVENTION,survived,False,False
31361,main belt (survey),8.4995,1P,1,CANDIDATE,1,70.38,0.0116,0.04,NONE(1P),,False,False
3137,main belt (survey),72.478,1P,1,CANDIDATE,1,7.52,0.1056,3.25,NONE(1P),survived,False,False
3231,main belt (survey),21.506,2P,1,CANDIDATE,1,31.29,0.0137,0.06,CONVENTION,survived,False,False
33729,main belt (survey),7.2557,1P,1,CANDIDATE,1,71.16,0.0121,0.04,NONE(1P),,False,False
3440,main belt (survey),158.432,2P,2,CONFIRMED,3,3.84,0.114,3.83,CONVENTION,survived,False,False
3475,main belt (survey),12.533,1P,2,CONFIRMED,2,29.52,0.0331,0.18,NONE(1P),survived,False,False
4315,main belt (survey),7.2308,1P,1,CANDIDATE,1,51.36,0.0231,0.07,NONE(1P),,False,False
4523,main belt (survey),13.162,2P,2,CONFIRMED,2,48.19,0.01,0.03,CONVENTION,survived,False,False
4573,main belt (survey),4.238,2P,2,CONFIRMED,2,148.11,0.0032,0.0,MEASURED,survived,False,False
4645,main belt (survey),11.766,2P,2,CONFIRMED,2,50.42,0.0084,0.02,MEASURED,inconclusive,False,False
46568,main belt (survey),64.4736,2P,1,CANDIDATE,1,8.31,0.0499,0.68,CONVENTION,survived,False,False
4973,main belt (survey),28.5253,1P,1,CANDIDATE,1,19.75,0.0425,0.52,NONE(1P),,False,False
5015,main belt (survey),58.708,1P,2,CONFIRMED,2,7.3,0.1098,2.74,NONE(1P),survived,False,False
5024,main belt (survey),26.0468,2P,1,CANDIDATE,1,16.95,0.0242,0.13,MEASURED,,False,False
5106,main belt (survey),16.7546,2P,1,CANDIDATE,1,36.01,0.0116,0.04,CONVENTION,survived,False,False
55103,main belt (survey),4.642,2P,2,CONFIRMED,3,103.37,0.0053,0.01,MEASURED,survived,False,False
5683,main belt (survey),20.318,1P,2,CONFIRMED,2,29.37,0.0278,0.24,NONE(1P),survived,False,False
5722,main belt (survey),3.74,2P,2,CONFIRMED,2,163.15,0.0032,0.0,MEASURED,survived,False,False
5844,main belt (survey),148.102,1P,2,CONFIRMED,2,4.0,0.2452,15.42,NONE(1P),inconclusive,False,False
5921,main belt (survey),86.243,1P,2,CONFIRMED,2,6.39,0.1292,4.73,NONE(1P),survived,False,False
6101,main belt (survey),49.034,1P,2,CONFIRMED,2,11.79,0.0599,1.25,NONE(1P),survived,False,False
6162,main belt (survey),167.682,2P,2,CONFIRMED,2,3.58,0.1313,4.67,CONVENTION,survived,False,False
6277,main belt (survey),9.5824,2P,1,CANDIDATE,1,51.45,0.0084,0.02,MEASURED,survived,False,False
6281,main belt (survey),4.66,1P,2,CONFIRMED,3,139.36,0.0063,0.01,NONE(1P),survived,False,False
6678,main belt (survey),6.715,1P,2,CONFIRMED,3,96.28,0.0074,0.02,NONE(1P),,False,False
6740,main belt (survey),189.62,ambiguous,1,CANDIDATE,2,3.2,0.4637,37.34,NONE(1P),survived,False,False
6862,main belt (survey),9.7094,1P,1,CANDIDATE,1,37.89,0.0231,0.1,NONE(1P),survived,False,False
6873,main belt (survey),5.313,2P,1,CANDIDATE,1,121.49,0.0042,0.0,CONVENTION,survived,False,False
6914,main belt (survey),92.2278,2P,1,CANDIDATE,1,6.74,0.0614,1.2,CONVENTION,survived,False,False
7046,main belt (survey),5.0076,1P,1,CANDIDATE,1,89.03,0.0095,0.02,NONE(1P),,False,False
7113,main belt (survey),16.074,2P,2,CONFIRMED,3,35.98,0.0116,0.04,CONVENTION,survived,False,False
7215,main belt (survey),6.088,2P,2,CONFIRMED,2,78.53,0.0063,0.01,MEASURED,survived,False,False
73689,main belt (survey),216.406,2P,2,CONFIRMED,2,2.08,0.3933,18.07,MEASURED,inconclusive,False,False
7472,main belt (survey),4.372,2P,2,CONFIRMED,3,138.53,0.0037,0.0,UNSTATED,survived,False,False
7628,main belt (survey),10.82,2P,2,CONFIRMED,3,55.92,0.0079,0.02,CONVENTION,survived,False,False
7883,main belt (survey),190.536,2P,2,CONFIRMED,2,2.96,0.1224,4.95,CONVENTION,survived,False,False
8286,main belt (survey),3.87,2P,2,CONFIRMED,3,115.11,0.0042,0.0,MEASURED,survived,False,False
8508,main belt (survey),275.67,2P,2,CONFIRMED,2,2.26,0.2116,12.39,CONVENTION,survived,False,False
8530,main belt (survey),3.8208,1P,1,CANDIDATE,1,158.39,0.0058,0.01,NONE(1P),survived,False,False
9146,main belt (survey),4.4736,1P,1,CANDIDATE,2,105.62,0.0095,0.02,NONE(1P),,False,False
94030,main belt (survey),10.758,2P,1,CANDIDATE,1,46.43,0.01,0.02,CONVENTION,,False,False
9891,main belt (survey),9.6034,1P,1,CANDIDATE,1,41.96,0.021,0.09,NONE(1P),survived,False,False
10112,main belt (survey),5.872,2P,2,CONFIRMED,2,101.91,0.0047,0.01,MEASURED,survived,False,False
10363,main belt (survey),51.802,2P,1,CANDIDATE,1,8.93,0.0473,0.52,CONVENTION,survived,False,False
10505,main belt (survey),133.3104,2P,1,CANDIDATE,1,4.9,0.1024,2.9,CONVENTION,survived,False,False
10710,main belt (survey),4.2803,1P,1,CANDIDATE,1,116.35,0.0079,0.01,NONE(1P),survived,False,False
10735,main belt (survey),102.428,2P,2,CONFIRMED,3,5.92,0.0677,1.47,CONVENTION,survived,False,False
10932,main belt (survey),3.9,2P,2,CONFIRMED,2,160.92,0.0032,0.0,CONVENTION,survived,False,False
11119,main belt (survey),9.256,2P,2,CONFIRMED,2,64.92,0.0068,0.01,CONVENTION,survived,False,False
11186,main belt (survey),3.8478,2P,1,CANDIDATE,2,156.37,0.0026,0.0,MEASURED,,False,False
12335,main belt (survey),3.4612,2P,1,CANDIDATE,1,126.79,0.0037,0.0,MEASURED,,False,False
12745,main belt (survey),10.9262,1P,1,CANDIDATE,1,51.91,0.0173,0.08,NONE(1P),survived,False,False
13632,main belt (survey),3.3666,2P,1,CANDIDATE,1,179.9,0.0026,0.0,MEASURED,,False,False
13786,main belt (survey),3.846,2P,2,CONFIRMED,2,96.9,0.0053,0.0,MEASURED,survived,False,False
13808,main belt (survey),7.57,2P,2,CONFIRMED,1,36.11,0.0131,0.02,MEASURED,inconclusive,False,False
14338,main belt (survey),9.1962,1P,1,CANDIDATE,1,64.54,0.0121,0.05,NONE(1P),,False,False
14912,main belt (survey),67.3758,1P,1,CANDIDATE,1,6.72,0.1113,3.19,NONE(1P),survived,False,False
14945,main belt (survey),11.495,1P,2,CONFIRMED,3,46.94,0.0221,0.11,NONE(1P),survived,False,False
15446,main belt (survey),3.4814,1P,1,CANDIDATE,1,158.22,0.0063,0.01,NONE(1P),survived,False,False
15706,main belt (survey),52.2997,1P,1,CANDIDATE,1,11.34,0.0719,1.6,NONE(1P),inconclusive,False,False
15877,main belt (survey),2.763,1P,2,CONFIRMED,2,211.61,0.0042,0.0,NONE(1P),survived,False,False
16019,main belt (survey),6.489,1P,2,CONFIRMED,1,52.86,0.0179,0.05,NONE(1P),survived,False,False
16147,main belt (survey),26.7898,1P,1,CANDIDATE,1,22.41,0.0394,0.45,NONE(1P),survived,False,False
17141,main belt (survey),3.674,2P,1,CANDIDATE,1,184.28,0.0026,0.0,CONVENTION,survived,False,False
17219,main belt (survey),21.578,2P,2,CONFIRMED,3,26.96,0.0147,0.07,CONVENTION,survived,False,False
17410,main belt (survey),3.498,2P,2,CONFIRMED,2,168.54,0.0026,0.0,CONVENTION,survived,False,False
17818,main belt (survey),73.65,2P,2,CONFIRMED,3,7.95,0.0494,0.77,CONVENTION,survived,False,False
17857,main belt (survey),7.1693,1P,1,CANDIDATE,1,47.39,0.0215,0.07,NONE(1P),survived,False,False
17872,main belt (survey),13.527,1P,2,CONFIRMED,2,44.22,0.0189,0.11,NONE(1P),survived,False,False
18549,main belt (survey),95.1022,2P,1,CANDIDATE,1,6.83,0.0583,1.18,CONVENTION,survived,False,False
18615,main belt (survey),3.242,2P,1,CANDIDATE,1,136.7,0.0037,0.0,MEASURED,,False,False
18654,main belt (survey),3.9976,2P,1,CANDIDATE,1,116.82,0.0063,0.01,UNSTATED,survived,False,False
18840,main belt (survey),3.6004,2P,1,CANDIDATE,1,157.16,0.0042,0.0,MEASURED,survived,False,False
18903,main belt (survey),59.064,2P,2,CONFIRMED,3,10.35,0.0399,0.5,CONVENTION,survived,False,False
19011,main belt (survey),83.8522,2P,1,CANDIDATE,1,3.43,0.1329,2.37,CONVENTION,survived,False,False
19197,main belt (survey),3.5189,1P,1,CANDIDATE,1,180.61,0.0053,0.01,NONE(1P),survived,False,False
19794,main belt (survey),5.1979,1P,1,CANDIDATE,2,116.74,0.0074,0.02,NONE(1P),,False,False
19932,main belt (survey),6.3851,1P,1,CANDIDATE,1,93.72,0.0095,0.03,NONE(1P),survived,False,False
20170,main belt (survey),31.2646,2P,1,CANDIDATE,1,16.95,0.0247,0.16,MEASURED,survived,False,False
20314,main belt (survey),11.5238,2P,1,CANDIDATE,1,51.39,0.0079,0.02,CONVENTION,survived,False,False
20750,main belt (survey),2.66,1P,2,CONFIRMED,2,345.21,0.0032,0.0,NONE(1P),survived,False,False
21934,main belt (survey),6.0628,1P,1,CANDIDATE,2,66.61,0.0121,0.03,NONE(1P),survived,False,False
2211,main belt (survey),227.792,2P,2,CONFIRMED,2,3.56,0.1098,5.31,MEASURED,survived,True,False
22635,main belt (survey),84.3438,2P,1,CANDIDATE,1,4.65,0.0856,1.53,CONVENTION,survived,False,False
24730,main belt (survey),60.491,1P,2,CONFIRMED,2,9.7,0.0835,2.14,NONE(1P),survived,False,False
24903,main belt (survey),83.362,2P,2,CONFIRMED,2,7.87,0.0583,1.03,CONVENTION,survived,False,False
25977,main belt (survey),7.3106,1P,1,CANDIDATE,1,74.66,0.0116,0.04,NONE(1P),survived,False,False
26161,main belt (survey),4.0354,2P,1,CANDIDATE,1,114.36,0.0047,0.0,MEASURED,,False,False
27128,main belt (survey),13.0791,1P,1,CANDIDATE,1,41.02,0.0215,0.12,NONE(1P),survived,False,False
2761,main belt (survey),11.646,1P,2,CONFIRMED,3,54.86,0.0126,0.06,NONE(1P),survived,False,False
2765,main belt (survey),12.332,1P,2,CONFIRMED,2,48.72,0.0184,0.1,NONE(1P),survived,False,False
28024,main belt (survey),61.2774,1P,1,CANDIDATE,1,8.97,0.1108,2.88,NONE(1P),survived,False,False
28230,main belt (survey),96.06,2P,2,CONFIRMED,2,2.7,0.1691,3.45,MEASURED,survived,False,False
28263,main belt (survey),85.6992,2P,1,CANDIDATE,1,7.85,0.053,0.97,CONVENTION,survived,False,False
28304,main belt (survey),11.1906,1P,1,CANDIDATE,1,43.59,0.0184,0.09,NONE(1P),,False,False
28748,main belt (survey),3.116,1P,2,CONFIRMED,2,147.89,0.0058,0.01,NONE(1P),,False,False
28844,main belt (survey),3.208,2P,2,CONFIRMED,2,189.8,0.0026,0.0,MEASURED,survived,False,False
2885,main belt (survey),76.324,2P,2,CONFIRMED,2,7.91,0.0572,0.93,CONVENTION,survived,False,False
29622,main belt (survey),130.644,2P,1,CANDIDATE,2,4.69,0.0914,2.53,CONVENTION,survived,False,False
3081,main belt (survey),8.0068,2P,1,CANDIDATE,1,76.17,0.0063,0.01,CONVENTION,survived,False,False
31382,main belt (survey),23.883,1P,2,CONFIRMED,3,26.42,0.0331,0.34,NONE(1P),inconclusive,False,False
31446,main belt (survey),5.6211,1P,1,CANDIDATE,1,54.11,0.0179,0.04,NONE(1P),survived,False,False
32138,main belt (survey),99.496,2P,2,CONFIRMED,2,5.93,0.073,1.54,CONVENTION,survived,False,False
3239,main belt (survey),6.4736,2P,1,CANDIDATE,1,92.84,0.0047,0.01,CONVENTION,survived,False,False
3294,main belt (survey),4.3009,1P,1,CANDIDATE,1,66.73,0.0179,0.03,NONE(1P),survived,False,False
34060,main belt (survey),29.746,2P,1,CANDIDATE,1,17.5,0.0242,0.15,CONVENTION,survived,False,False
34812,main belt (survey),3.0972,2P,1,CANDIDATE,1,118.71,0.0042,0.0,MEASURED,survived,False,False
35566,main belt (survey),94.7676,2P,1,CANDIDATE,1,6.39,0.0693,1.39,CONVENTION,survived,False,False
35709,main belt (survey),11.4086,1P,1,CANDIDATE,1,37.6,0.0257,0.12,NONE(1P),survived,False,False
3636,main belt (survey),2.571,1P,1,CANDIDATE,2,250.08,0.0037,0.0,NONE(1P),survived,False,False
3716,main belt (survey),10.472,2P,2,CONFIRMED,2,57.3,0.0074,0.02,CONVENTION,survived,False,False
37567,main belt (survey),62.1256,2P,1,CANDIDATE,1,9.29,0.0436,0.57,CONVENTION,survived,False,False
4020,main belt (survey),50.1458,1P,1,CANDIDATE,1,8.12,0.1161,2.47,NONE(1P),survived,False,False
41430,main belt (survey),11.6574,2P,1,CANDIDATE,1,48.48,0.0089,0.02,CONVENTION,,False,False
4165,main belt (survey),13.3076,1P,1,CANDIDATE,1,36.97,0.0236,0.13,NONE(1P),survived,False,False
4303,main belt (survey),6.136,2P,2,CONFIRMED,2,97.95,0.0042,0.01,CONVENTION,survived,False,False
43275,main belt (survey),64.435,1P,2,CONFIRMED,3,10.44,0.0861,2.36,NONE(1P),inconclusive,False,False
4367,main belt (survey),3.226,2P,2,CONFIRMED,2,184.21,0.0026,0.0,MEASURED,survived,False,False
43926,main belt (survey),3.234,2P,2,CONFIRMED,3,170.07,0.0026,0.0,MEASURED,survived,False,False
4539,main belt (survey),3.64,2P,2,CONFIRMED,2,170.1,0.0026,0.0,UNSTATED,survived,False,False
4728,main belt (survey),2.417,1P,2,CONFIRMED,2,243.22,0.0032,0.0,NONE(1P),survived,False,False
4777,main belt (survey),9.736,2P,2,CONFIRMED,2,60.6,0.0074,0.02,CONVENTION,survived,False,False
48423,main belt (survey),5.4628,2P,1,CANDIDATE,1,53.85,0.0084,0.01,CONVENTION,survived,False,False
4938,main belt (survey),4.1428,2P,1,CANDIDATE,1,151.88,0.0037,0.0,MEASURED,inconclusive,False,False
50380,main belt (survey),5.684,2P,2,CONFIRMED,2,114.26,0.0047,0.01,CONVENTION,survived,False,False
5282,main belt (survey),79.9106,2P,1,CANDIDATE,1,7.71,0.0572,0.97,CONVENTION,survived,False,False
53365,main belt (survey),190.071,2P,1,CANDIDATE,1,3.19,0.1392,5.62,CONVENTION,survived,False,False
5688,main belt (survey),6.0558,2P,1,CANDIDATE,1,21.99,0.02,0.03,MEASURED,,False,False
5829,main belt (survey),50.929,1P,2,CONFIRMED,2,11.83,0.0756,1.64,NONE(1P),inconclusive,False,False
5910,main belt (survey),202.124,2P,1,CANDIDATE,1,3.02,0.1434,6.15,MEASURED,survived,False,False
5950,main belt (survey),9.2234,2P,1,CANDIDATE,1,68.2,0.0074,0.01,CONVENTION,,False,False
5954,main belt (survey),3.1692,2P,1,CANDIDATE,1,146.56,0.0037,0.0,MEASURED,survived,False,False
6005,main belt (survey),4.152,2P,2,CONFIRMED,2,142.77,0.0037,0.0,MEASURED,survived,False,False
6078,main belt (survey),3.0852,2P,1,CANDIDATE,1,128.51,0.0047,0.0,MEASURED,survived,False,False
6113,main belt (survey),18.85,1P,2,CONFIRMED,3,33.64,0.0263,0.21,NONE(1P),survived,False,False
6128,main belt (survey),8.3441,1P,1,CANDIDATE,1,76.54,0.011,0.04,NONE(1P),survived,False,False
6468,main belt (survey),110.4886,2P,1,CANDIDATE,1,5.46,0.0704,1.65,CONVENTION,survived,False,False
65668,main belt (survey),74.549,1P,1,CANDIDATE,1,6.38,0.1428,4.52,NONE(1P),survived,False,False
6640,main belt (survey),2.772,1P,2,CONFIRMED,2,217.35,0.0042,0.0,NONE(1P),,False,False
6769,main belt (survey),10.972,2P,1,CANDIDATE,0,,,,CONVENTION,,False,False
6967,main belt (survey),5.3236,2P,1,CANDIDATE,1,25.23,0.0189,0.02,MEASURED,,False,False
7176,main belt (survey),3.286,2P,2,CONFIRMED,2,187.29,0.0032,0.0,MEASURED,survived,False,False
7245,main belt (survey),79.5344,2P,1,CANDIDATE,1,7.45,0.0578,0.98,CONVENTION,survived,False,False
7252,main belt (survey),9.065,1P,2,CONFIRMED,2,49.3,0.0184,0.07,NONE(1P),survived,False,False
7386,main belt (survey),4.5166,1P,1,CANDIDATE,1,115.24,0.0084,0.02,NONE(1P),,False,False
7389,main belt (survey),157.344,2P,2,CONFIRMED,2,3.86,0.114,3.81,CONVENTION,survived,False,False
7392,main belt (survey),3.166,1P,2,CONFIRMED,2,191.75,0.0047,0.01,NONE(1P),survived,False,False
7498,main belt (survey),7.2358,2P,1,CANDIDATE,1,91.76,0.0053,0.01,CONVENTION,survived,False,False
7773,main belt (survey),3.2268,2P,1,CANDIDATE,1,148.86,0.0037,0.0,MEASURED,,False,False
7878,main belt (survey),4.01,2P,2,CONFIRMED,2,127.77,0.0037,0.0,MEASURED,survived,False,False
7911,main belt (survey),3.559,1P,2,CONFIRMED,2,174.46,0.0053,0.01,NONE(1P),survived,False,False
8105,main belt (survey),16.696,1P,2,CONFIRMED,2,33.84,0.0226,0.16,NONE(1P),survived,False,False
8168,main belt (survey),3.516,1P,2,CONFIRMED,2,169.34,0.0058,0.01,NONE(1P),survived,False,False
8214,main belt (survey),158.262,2P,2,CONFIRMED,2,4.12,0.1019,3.42,CONVENTION,survived,False,False
8333,main belt (survey),92.12,2P,2,CONFIRMED,2,6.12,0.063,1.23,CONVENTION,survived,False,False
8513,main belt (survey),107.5444,1P,1,CANDIDATE,1,5.58,0.1512,6.91,NONE(1P),survived,False,False
8593,main belt (survey),4.003,1P,2,CONFIRMED,2,151.86,0.0058,0.01,NONE(1P),survived,False,False
86402,main belt (survey),6.1022,2P,1,CANDIDATE,1,78.3,0.0058,0.01,CONVENTION,survived,False,False
8925,main belt (survey),82.3742,2P,1,CANDIDATE,1,6.21,0.1281,2.24,CONVENTION,survived,False,False
9020,main belt (survey),3.9564,2P,1,CANDIDATE,1,74.56,0.0068,0.01,MEASURED,survived,False,False
9174,main belt (survey),5.9014,1P,1,CANDIDATE,1,99.9,0.0089,0.02,NONE(1P),survived,False,False
9255,main belt (survey),18.1512,2P,1,CANDIDATE,1,30.22,0.0158,0.06,CONVENTION,survived,False,False
9449,main belt (survey),193.1862,2P,1,CANDIDATE,1,3.12,0.1245,5.1,MEASURED,survived,False,False
9494,main belt (survey),3.162,2P,1,CANDIDATE,1,81.86,0.0063,0.0,MEASURED,survived,False,False
9609,main belt (survey),8.079,2P,1,CANDIDATE,1,74.99,0.0063,0.01,MEASURED,survived,False,False
9955,main belt (survey),2.312,1P,2,CONFIRMED,2,202.43,0.0047,0.0,NONE(1P),survived,False,False
10158,main belt (survey),93.4034,2P,1,CANDIDATE,1,6.19,0.073,1.45,MEASURED,survived,False,False
10561,main belt (survey),118.9676,2P,1,CANDIDATE,1,2.56,0.1906,4.81,CONVENTION,survived,False,False
106622,main belt (survey),28.1854,2P,1,CANDIDATE,1,15.75,0.0368,0.22,CONVENTION,survived,False,False
10778,main belt (survey),7.1908,2P,1,CANDIDATE,1,35.39,0.0126,0.02,CONVENTION,survived,False,False
10798,main belt (survey),3.2888,2P,1,CANDIDATE,1,165.56,0.0032,0.0,MEASURED,,False,False
11182,main belt (survey),6.264,2P,1,CANDIDATE,1,86.84,0.0053,0.01,MEASURED,,False,False
11226,main belt (survey),16.279,1P,2,CONFIRMED,2,39.95,0.0226,0.16,NONE(1P),survived,False,False
11285,main belt (survey),3.6496,2P,1,CANDIDATE,1,98.36,0.0084,0.01,MEASURED,survived,False,False
11327,main belt (survey),3.33,2P,2,CONFIRMED,2,173.98,0.0032,0.0,UNSTATED,survived,False,False
11541,main belt (survey),3.1162,2P,1,CANDIDATE,1,187.5,0.0026,0.0,CONVENTION,survived,False,False
11872,main belt (survey),3.408,2P,2,CONFIRMED,2,176.33,0.0026,0.0,MEASURED,survived,False,False
11930,main belt (survey),10.9329,1P,1,CANDIDATE,1,57.33,0.0142,0.07,NONE(1P),survived,False,False
12011,main belt (survey),4.6647,1P,1,CANDIDATE,1,45.95,0.0189,0.04,NONE(1P),survived,False,False
12077,main belt (survey),3.2742,2P,1,CANDIDATE,1,148.74,0.0037,0.0,MEASURED,,False,False
12262,main belt (survey),25.1628,1P,1,CANDIDATE,1,22.47,0.0378,0.4,NONE(1P),survived,False,False
12821,main belt (survey),3.5119,1P,1,CANDIDATE,1,131.17,0.0063,0.01,NONE(1P),survived,False,False
133054,main belt (survey),73.2462,2P,1,CANDIDATE,1,6.76,0.062,0.96,CONVENTION,survived,False,False
13370,main belt (survey),2.9896,1P,1,CANDIDATE,1,193.56,0.0047,0.01,NONE(1P),inconclusive,False,False
13501,main belt (survey),6.4496,2P,1,CANDIDATE,2,81.83,0.0058,0.01,MEASURED,survived,False,False
13749,main belt (survey),4.054,2P,2,CONFIRMED,2,124.65,0.0042,0.0,CONVENTION,survived,False,False
13927,main belt (survey),99.3698,2P,1,CANDIDATE,1,3.68,0.1087,2.29,CONVENTION,inconclusive,False,False
13947,main belt (survey),4.0028,2P,1,CANDIDATE,1,147.4,0.0026,0.0,MEASURED,survived,False,False
14179,main belt (survey),141.8074,2P,1,CANDIDATE,1,4.24,0.1035,3.11,CONVENTION,survived,False,False
14302,main belt (survey),5.8624,2P,1,CANDIDATE,1,84.33,0.0058,0.01,CONVENTION,,False,False
14858,main belt (survey),5.5232,2P,1,CANDIDATE,1,121.83,0.0037,0.0,CONVENTION,survived,False,False
15142,main belt (survey),6.2852,1P,1,CANDIDATE,1,100.87,0.0089,0.02,NONE(1P),,False,False
16125,main belt (survey),3.5796,2P,1,CANDIDATE,1,158.81,0.0032,0.0,MEASURED,,False,False
16791,main belt (survey),42.486,2P,2,CONFIRMED,3,13.94,0.0368,0.33,CONVENTION,survived,False,False
16818,main belt (survey),25.8975,1P,1,CANDIDATE,1,24.29,0.0347,0.38,NONE(1P),survived,False,False
17051,main belt (survey),5.5492,2P,1,CANDIDATE,1,106.15,0.0042,0.0,CONVENTION,survived,False,False
17482,main belt (survey),4.5117,1P,1,CANDIDATE,1,59.07,0.0147,0.03,NONE(1P),,False,False
17662,main belt (survey),16.3918,2P,1,CANDIDATE,1,34.41,0.0126,0.04,CONVENTION,survived,False,False
17725,main belt (survey),6.675,2P,1,CANDIDATE,1,96.48,0.0047,0.01,CONVENTION,,False,False
17766,main belt (survey),3.3176,2P,1,CANDIDATE,1,90.63,0.0058,0.0,MEASURED,survived,False,False
17923,main belt (survey),84.6518,1P,1,CANDIDATE,1,6.72,0.1428,5.13,NONE(1P),survived,False,False
17986,main belt (survey),4.6736,2P,1,CANDIDATE,1,134.09,0.0032,0.0,CONVENTION,survived,False,False
18074,main belt (survey),14.7886,2P,1,CANDIDATE,1,42.57,0.01,0.03,MEASURED,,False,False
18083,main belt (survey),2.3556,1P,1,CANDIDATE,1,79.46,0.011,0.01,NONE(1P),,False,False
18153,main belt (survey),38.448,2P,2,CONFIRMED,2,10.03,0.0452,0.37,CONVENTION,survived,False,False
18887,main belt (survey),61.625,1P,2,CONFIRMED,2,9.72,0.0903,2.36,NONE(1P),survived,False,False
18910,main belt (survey),22.308,2P,2,CONFIRMED,2,26.69,0.0158,0.07,CONVENTION,survived,False,False
19371,main belt (survey),16.7588,2P,1,CANDIDATE,1,3.16,0.1649,0.59,CONVENTION,inconclusive,False,False
19510,main belt (survey),5.506,2P,1,CANDIDATE,1,107.01,0.0042,0.0,CONVENTION,survived,False,False
19762,main belt (survey),3.1507,1P,1,CANDIDATE,1,200.22,0.0084,0.01,NONE(1P),survived,False,False
19840,main belt (survey),5.2894,2P,1,CANDIDATE,1,66.99,0.0089,0.01,CONVENTION,survived,False,False
20396,main belt (survey),5.148,2P,1,CANDIDATE,1,114.9,0.0037,0.0,MEASURED,,False,False
20511,main belt (survey),9.38,2P,2,CONFIRMED,2,66.64,0.0074,0.01,CONVENTION,survived,False,False
22015,main belt (survey),3.6044,2P,1,CANDIDATE,1,113.24,0.0037,0.0,MEASURED,survived,False,False
23044,main belt (survey),2.6848,1P,1,CANDIDATE,1,28.74,0.0347,0.04,NONE(1P),,False,False
23985,main belt (survey),3.026,1P,2,CONFIRMED,2,155.43,0.0063,0.01,NONE(1P),survived,False,False
24362,main belt (survey),2.439,1P,2,CONFIRMED,4,254.81,0.0037,0.0,NONE(1P),survived,False,False
24503,main belt (survey),4.2882,2P,1,CANDIDATE,1,138.81,0.0037,0.0,MEASURED,survived,False,False
24757,main belt (survey),3.146,2P,1,CANDIDATE,1,169.74,0.0063,0.0,MEASURED,,False,False
25875,main belt (survey),23.705,1P,2,CONFIRMED,2,27.1,0.0299,0.3,NONE(1P),survived,False,False
25880,main belt (survey),433.59,2P,2,CONFIRMED,2,1.44,0.2851,26.25,MEASURED,inconclusive,False,False
26347,main belt (survey),5.9142,2P,1,CANDIDATE,1,66.5,0.0068,0.01,CONVENTION,,False,False
26542,main belt (survey),13.5153,1P,1,CANDIDATE,1,39.88,0.0215,0.12,NONE(1P),,False,False
27755,main belt (survey),11.801,1P,1,CANDIDATE,1,20.34,0.0436,0.22,NONE(1P),,False,False
28257,main belt (survey),391.126,2P,2,CONFIRMED,2,1.64,0.2935,24.38,MEASURED,survived,False,False
28462,main belt (survey),6.238,2P,2,CONFIRMED,3,97.29,0.0047,0.01,CONVENTION,survived,False,False
30428,main belt (survey),22.1222,2P,1,CANDIDATE,1,26.55,0.0158,0.07,CONVENTION,survived,False,False
3046,main belt (survey),10.1669,1P,1,CANDIDATE,1,31.57,0.0331,0.14,NONE(1P),,False,False
30849,main belt (survey),11.1,2P,1,CANDIDATE,1,21.71,0.021,0.05,MEASURED,,False,False
31147,main belt (survey),4.1808,2P,1,CANDIDATE,1,84.19,0.0053,0.0,CONVENTION,survived,False,False
32158,main belt (survey),44.088,1P,2,CONFIRMED,3,13.8,0.0583,1.09,NONE(1P),inconclusive,False,False
32164,main belt (survey),73.7175,1P,1,CANDIDATE,1,10.67,0.084,2.63,NONE(1P),survived,False,False
33082,main belt (survey),2.9283,1P,1,CANDIDATE,1,113.15,0.0084,0.01,NONE(1P),survived,False,False
34588,main belt (survey),9.1362,2P,1,CANDIDATE,1,40.63,0.0121,0.02,MEASURED,,False,False
36273,main belt (survey),7.734,1P,2,CONFIRMED,2,82.57,0.011,0.04,NONE(1P),survived,False,False
37113,main belt (survey),3.6822,1P,1,CANDIDATE,1,138.51,0.0063,0.01,NONE(1P),survived,False,False
3741,main belt (survey),32.36,2P,2,CONFIRMED,3,19.13,0.021,0.14,CONVENTION,survived,False,False
39899,main belt (survey),3.958,1P,1,CANDIDATE,1,152.22,0.0063,0.01,NONE(1P),survived,False,False
4018,main belt (survey),7.476,2P,1,CANDIDATE,1,72.68,0.0063,0.01,MEASURED,,False,False
42921,main belt (survey),8.716,1P,2,CONFIRMED,2,69.01,0.0121,0.04,NONE(1P),survived,False,False
43469,main belt (survey),3.4488,2P,1,CANDIDATE,1,167.02,0.0032,0.0,MEASURED,,False,False
43891,main belt (survey),3.115,1P,2,CONFIRMED,2,191.24,0.0047,0.01,NONE(1P),survived,False,False
44118,main belt (survey),72.2076,2P,1,CANDIDATE,1,7.48,0.0541,0.83,CONVENTION,survived,False,False
45287,main belt (survey),4.409,1P,2,CONFIRMED,2,135.91,0.0063,0.01,NONE(1P),survived,False,False
45456,main belt (survey),9.2646,2P,1,CANDIDATE,1,16.28,0.0278,0.05,MEASURED,,False,False
45469,main belt (survey),42.388,1P,2,CONFIRMED,2,14.85,0.0536,0.96,NONE(1P),survived,False,False
4682,main belt (survey),6.456,2P,2,CONFIRMED,2,91.73,0.0047,0.01,CONVENTION,survived,False,False
5218,main belt (survey),4.2588,2P,1,CANDIDATE,1,140.89,0.0032,0.0,MEASURED,survived,False,False
5269,main belt (survey),161.701,2P,1,CANDIDATE,1,3.65,0.1171,4.02,MEASURED,survived,False,False
5519,main belt (survey),26.319,1P,2,CONFIRMED,2,23.62,0.0368,0.41,NONE(1P),survived,False,False
56439,main belt (survey),23.6982,1P,1,CANDIDATE,1,11.33,0.0782,0.79,NONE(1P),survived,False,False
5816,main belt (survey),6.8984,2P,1,CANDIDATE,1,80.31,0.0053,0.01,MEASURED,,False,False
5862,main belt (survey),3.1109,1P,1,CANDIDATE,1,208.78,0.0047,0.01,NONE(1P),,False,False
59522,main belt (survey),6.8802,2P,1,CANDIDATE,1,53.35,0.0089,0.01,MEASURED,survived,False,False
5966,main belt (survey),6.6365,1P,1,CANDIDATE,1,88.91,0.0089,0.03,NONE(1P),survived,False,False
6038,main belt (survey),5.226,1P,2,CONFIRMED,2,114.51,0.0079,0.02,NONE(1P),inconclusive,False,False
6389,main belt (survey),4.497,1P,2,CONFIRMED,2,141.47,0.0063,0.01,NONE(1P),survived,False,False
6462,main belt (survey),4.4298,2P,1,CANDIDATE,1,136.57,0.0037,0.0,MEASURED,survived,False,False
6492,main belt (survey),9.5818,2P,1,CANDIDATE,1,61.51,0.0063,0.01,MEASURED,,False,False
6544,main belt (survey),20.003,2P,1,CANDIDATE,1,29.03,0.0142,0.06,CONVENTION,survived,False,False
6603,main belt (survey),223.394,2P,2,CONFIRMED,2,2.68,0.1418,6.72,CONVENTION,survived,False,False
6614,main belt (survey),120.4324,2P,1,CANDIDATE,1,4.97,0.094,2.4,CONVENTION,survived,False,False
66949,main belt (survey),4.7744,1P,1,CANDIDATE,1,114.85,0.0074,0.01,NONE(1P),survived,False,False
6710,main belt (survey),3.701,2P,1,CANDIDATE,1,160.9,0.0032,0.0,MEASURED,survived,False,False
67508,main belt (survey),23.7916,2P,1,CANDIDATE,1,21.14,0.0194,0.1,CONVENTION,survived,False,False
6900,main belt (survey),57.4344,2P,1,CANDIDATE,1,10.25,0.0378,0.46,CONVENTION,survived,False,False
7129,main belt (survey),12.182,2P,1,CANDIDATE,1,40.55,0.01,0.03,CONVENTION,survived,False,False
7251,main belt (survey),4.7866,2P,1,CANDIDATE,1,121.35,0.0042,0.0,CONVENTION,survived,False,False
7466,main belt (survey),4.8808,1P,1,CANDIDATE,1,122.76,0.0074,0.02,NONE(1P),survived,False,False
7631,main belt (survey),102.6636,2P,1,CANDIDATE,1,4.99,0.1176,2.56,CONVENTION,survived,False,False
8377,main belt (survey),45.0459,1P,1,CANDIDATE,1,13.45,0.0656,1.26,NONE(1P),survived,False,False
8378,main belt (survey),11.794,2P,2,CONFIRMED,2,50.35,0.0084,0.02,MEASURED,survived,False,False
8464,main belt (survey),15.862,2P,2,CONFIRMED,2,35.61,0.0116,0.04,CONVENTION,survived,False,False
8472,main belt (survey),13.631,1P,2,CONFIRMED,2,43.08,0.02,0.12,NONE(1P),survived,False,False
8707,main belt (survey),2.6372,1P,1,CANDIDATE,1,207.29,0.0042,0.0,NONE(1P),survived,False,False
8835,main belt (survey),3.166,2P,2,CONFIRMED,2,170.47,0.0032,0.0,MEASURED,survived,False,False
8850,main belt (survey),12.8086,2P,1,CANDIDATE,1,28.51,0.0158,0.04,CONVENTION,survived,False,False
8984,main belt (survey),21.1211,1P,1,CANDIDATE,1,26.77,0.0341,0.31,NONE(1P),,False,False
9141,main belt (survey),7.7226,2P,1,CANDIDATE,1,82.29,0.0053,0.01,MEASURED,,False,False
9149,main belt (survey),9.868,2P,2,CONFIRMED,2,44.21,0.0105,0.02,MEASURED,,False,False
9403,main belt (survey),4.3203,1P,1,CANDIDATE,1,140.58,0.0068,0.01,NONE(1P),survived,False,False
9447,main belt (survey),68.9546,1P,1,CANDIDATE,1,8.67,0.0966,2.83,NONE(1P),survived,False,False
9543,main belt (survey),4.6308,2P,1,CANDIDATE,1,106.03,0.0042,0.0,CONVENTION,,False,False
9859,main belt (survey),7.3324,1P,1,CANDIDATE,1,77.6,0.0105,0.03,NONE(1P),survived,False,False
9947,main belt (survey),4.9532,2P,1,CANDIDATE,1,126.79,0.0042,0.0,CONVENTION,,False,False
